id;coments
1;A praia com águas calmas e lugares com preços acessíveis. Ideal para tomar sol e para entrar no mar.
2;É uma praia que sofre com os detritos retirados dos inumeros manguezais existentes, mas sua areia é branca e muito boa para caminhada sob o sol.
3;Superagüi é muito frequentada por turistas na virada do ano, no carnaval e na Páscoa - os moradores falaram em cerca de 4 mil turistas nesses momentos - mas no restante do ano é bem tranquila. Há muitas belezas naturais - praias limpas, pássaros de diversas espécies, peixes, e até golfinhos. Apesar de tudo chegar à ilha de barco, a alimentação não é cara. Os campings e pousadas estão à beira mar ou muito próximos - a ilha é área de preservação e não se permite novas construções. Os restaurantes oferecem boa comida caseira a preço justo e convidativo. No período que estivemos lá, não havia mais os grandes barcos de linha, com menor custo - foi preciso utilizar os serviços dos táxis náuticos, no valor de R$ 50,00 por pessoa. Importante verificar o lugar do desembarque das embarcações maiores - no nosso caso, desembarcamos muito longe do camping, com duas crianças e muita bagagem, sob sol forte. Mas deu tudo certo e conseguimos um barco menor na volta, saindo da frente do camping. Ficamos no camping Tubarão, que tem banheiros novos e uma cozinha coletiva bem razoável, e tomadas nas árvores. As crianças (de 11 e 12 anos) podiam ir sozinhas à praia, pois quase não havia ondas, salvo no último dia, quando o mar estava um pouco agitado, mas nada comparado às praias que já frequentei no litoral de Santa Catarina. Muito tranquilo! Sentimos falta de presença do ICMBio, que tem sede na ilha. Os moradores relatam como as proibições (de plantar, de construir, etc) afetam suas vidas, mas não percebemos iniciativas que ajudem essas pessoas a terem uma renda digna e acesso a serviços. Parece não haver muitas alternativas para a juventude também, especialmente com a desestruturação das políticas de Educação do Campo. Para nós, valeu muito a pena!
4;A Praia Barra do Superagui, na vila, rende boas fotos com muitos barcos. Concentra a pequena infraestrutura turística da ilha. Não vi botos, mas parece que é comum avistá-los. Disseram que é gostoso tomar banho à noite na praia. Costuma ter água-viva, dependendo da época do ano. Em dezembro, tinha um pouco. Disseram que a Praia Deserta era melhor para banho por ter águas mais claras, mas acho que deve ter água-viva do mesmo jeito.
5;Um lugar belo, mas sem visuais alucinantes. Bom para ficar só sem o barulho de carros, sem a muvuca da praia.
6;"Eis um roteiro que vale super a pena para quem quer descansar e conhecer um pouco mais do litoral paranaense.Para chegar a ilha do superagui, eu e minha namorada pegamos um barco em Paranaguá-PR cujo valor cobrado foi de 40 reais por pessoa (somente ida). A embarcação comporta 20 pessoas e geralmente sai por volta das 9h da manhã e retorna as 16h da tarde, levando em torno de 40 min para percorrer o trajeto Paranaguá Ilha do Superagui.
Chegamos na ilha e logo de cara percebe-se uma estrutura bem rústica, sem muitos luxos, mas bem aconchegante. Ficamos no camping/pousada “Centauro”, onde nos foi cobrado a diária de 20 reais por pessoa no camping, que possui uma boa infraestrutura.Na ilha, quase não são aceitos cartões, então é bom ir preparado para pagar direto no dinheiro! Existe uma mercearia para eventuais necessidades, lanchonetes e na pousada “Sobre as Ondas” existe um restaurante que vende algumas porções.
Existe na ilha dois roteiros interessantes para se fazer na ilha: 1. Travessia da praia deserta até a divisa com a ilha do cardoso; e 2. Passeio de barco pela baia do Superagui. A travessia da praia deserta pode ser feita tanto a pé quanto de bike, que pode ser alugada com o local da ilha, mais conhecido como “Japa”. Ele faz um preço bem justo e cuida super bem das bikes, vale a pena conferir.
O passeio pela baia é feito por alguns moradores da ilha, é um passeio de barco, que na época, paguei 250 reais e fiz com o dono da pousada Centauro, o Sr. “Badejo”: conhecemos a baía, vimos golfinhos, conhecemos uma cachoeirinha num vilarejo baía a dentro e ao final da tarde vimos a revoada dos papagaios!
Ficamos 4 dias na ilha, porem não conseguimos conhecer a praia deserta por conta do tempo que virou repentinamente, mas com certeza voltaremos para curtir e aproveitar a paz que é a ilha do superagui!
"
7;Uma praia sem ondas, algumas casas, muita natureza, alguns poucos restaurantes. Lugar pra descansar!
8;É onde a maior parte da comunidade vive e onde ficam as pousadas. Possui uma bela paisagem, sendo que da areia é possível visualizar os golfinhos...entretanto, pelo grande número de cães residentes na ilha, precisa cuidar por onde pisa.
9;Além de der uma trilha extensa na areia para uma boa caminhada. Vale a pena fazer para admirar a bela da praia tanto do lado da mata como do mar.
10;Em épocas do ano, como o carnaval temos no local uma cultura típica com máscaras muito interessante e apreciada ! Escolham uma pousada de frente para o mar, pois quase todas as manhãs é possível ver dezenas de golfinhos saindo de uma ilha para outra, passando perto dos barcos que ficam atracados no local. Além da Ilha e comunidade local, disponibilizam passeios para ilhas próximos a custo baixo, dentre elas a Ilha dos Papagaios de Cara Roxa (só encontrados nesta Ilha no Brasil)
11;"Um ótimo lugar para se ter um contato com a natureza para longas caminhadas a beira mar sem se preocupar com nada. Alugar uma bicicleta e pedalar muito ; é tudo plano não tem nem, subidas e nem decidas é tranquilo e sem muito esforço."
12;A Ilha de Superagui é um ótimo destino, pousadas comuns possuem o necessário assim como o comercio que também é bem básico !!
13;A praia principal da Vila do Superagui é a própria vila. Cheia de barcos de pescadores e repleta de golfinhos saltitantes que parecem ser indiferentes aos banhistas. A água é bem quentinha e dá para nadar tranquilão e andar e pedalar pela faixa de areia.
14;não é a toa que se chama Parque Nacional do Superagui, reserva da Biosfera. patrimônio da Humanidade pela UNESCO
15;Onde tudo acontece na Ilha de Superagui...com suas pousadas, lanchonetes, bares, fandango e as pessoas maravilhosas que lá moram com todo seu carinho pelos visitantes.
16;A praia da Barra do Superagui é muito tranquila e de águas calmas. O por do sol e o amanhecer possibilitam visuais incríveis e um excelente ambiente para relaxar e descansar.
17;"Perfil do local: alternativo, para quem busca sossego. Para quem vai acampar é aconselhável levar comida pois o preço lá é mais caro devido ao isolamento. Se for na alta temporada leve muita água também. Fui em 2016 e por conta da quantidade de turistas não havia água potável. Nessa época há barcos indo e voltando diariamente de Paranaguá, os preços cobrados foram de R$ 30 para barcos e R$ 40 para ""voadeiras"", é só chegar no cais e embarcar. Após o carnaval até o ano novo o local recebe poucos visitantes, sendo o Réveillon a época mais movimentada."
18;O ambiente da Barra do Superagui é bem rústico, tudo simples e encantador. O pessoal nativo é acolhedor e prestativo. Ótimo local para descansar e se desligar da correria das cidades.
19;A Barra do Superagui é um lugar maravilhoso, onde também aportou em suas andanças, Hans Staden. É parte integrante do Município de Guaraqueçaba, teve o canal do Varadouro aberto por volta de 1947 (não lembro ao certo). É ideal para amantes da natureza, amigos e famílias que não tenham bebês pequenos. Você poderá desfrutar da bebida chamada cataia, que é o aguardente de cana envelhecido com a folha da cataia, conhecido nessa região como uísque caiçara, de excelente sabor e afrodisíaca.
20;Lugar tranquilo, sem muita estrutura de comércio ou estadias, vc vai encontrar poucas opções e bem simples.O melhor de todos é sentar a beira mar e ver os golfinhos que chegam muito próximos.O trajeto pode ser feito de barco da Ilha do mel a Superagui e voltar no mesmo dia.Vale a Pena
21;Não é um lugar que se busca por beleza. no fundo do mar é lodo, não areia, não é mar aberto então é calmo como uma lagoa de água salgada.É um lugar que vai te trazer paz de espirito. O céu a noite é maravilhoso. conseguimos ver varias constelações!
22;A praia tem águas tranquilas e mornas. Era possível ver golfinhos nadando muito perto dos banhistas. A cor da água era mais para marrom, creio que por causa da natureza da areia do local, mas parecia limpa. A praia é grande e podemos até nadar pelados sem sermos percebidos. 
23;Se estiver procurando uma boa aventura na natureza, esse é um lugar necessário. Vida simples de uma vila de pescador, passeio de barco e praia deserta.
24;É simplesmente um lugar encantador, As pousadas são todas bem rusticas, a praia deserta é simplesmente paradisíaco, o passeio ao que eles chamam de coroa também é muito bacana, tive a oportunidade de ver os botos de pertinho é um sensação maravilhosa pois ali a natureza é preservada, a noite caminhar na areia da pra ver varias especies de peixes e siris na água, alimentação é um pouco limitada a peixes e camarão então se não come peixe leva outros tipo de carne de casa. Um ótimo restaurante é o restaurante dos golfinhos comida super caseira alias de todos os restaurantes que fomos tudo la é bem caseiro. Eu adoro esse lugar e pretendo voltar sempre!
25;É a praia aonde chegam os barcos e aonde fica a maioria das casas dos pescadores. Ainda é possível avistar os botos se exibindo. Tem um pôr do sol muito bonito.
26;Areia e paisagens incríveis... Paz, sossego, trilhas e pousadas simples e rústicas....Muito Legal! recomendo passeio pelas praias desertas.
27;Decidimos ir almoçar em um domingo na praia de Superagui para conhecê-la e comer um peixe fresco. Infelizmente quando chegamos lá, não encontramos absolutamente nenhum restaurante que pudesse nos atender. Havia restaurantes abertos, mas todos negaram nos atender, pois não havíamos feito reservas. Sinceramente, achei que faltou um pouco de boa vontade.
28;O centrinho da ilha, onde tudo acontece. Chegadas e partidas, trapiche, restaurantes, bares e pousadas estão por ali!
29;Praia linda e tranquila. A ilha possui uma vila de pescadores que vivem em sua maioria da pesca de camarao. Nessa vila ha pousadas e acampamentos simples e aconchegantes. A visita de golfinhos é constante. Lugar muito bom.. Recomendo.
30;Tudo na ilha é bonito, existem diversos lugares para se explorar e se deliciar com as imagens que a natureza proporciona!
31;A praia da Barra é onde tem mais moradores, pousadas e o trapiche por onde chegam os barcos. Dali saem os pescadores para trazer alimento saudável para os visitantes.É aconchegante
32;É uma praia na qual os barcos ficam aportados e da onde é possível ver a Ilha das Peças. As pousadas e camping estão nessa praia e de lá saem barcos para Paranaguá e também pode-se fazer passeios até a ilha das Peças. Bem cedinho é possível ainda avistar golfinhos bem perto da praia.
33;Meu marido foi e voltou falando maravilhas e quis me levar. Uma amiga também disse que era lindo. Minha experiência foi ruim!! O mar estava bem sujo, escuro e tinha tanto cachorro na ilha que era impossível andar na areia sem ver várias surpresas... Adoro cachorro, mas na areia da praia e naquela quantidade não combina.
34;Uma praia calma, pouco habitada, mas muito boa para curtir a natureza.Vale passar o dia com amigos nessa praia
35;A praia tem muitos barcos, já que é por onde se acessa a ilha de Superagui. Mesmo assim é uma praia bonita e tem alguns pontos onde é melhor para banho. Praia bem calma.
36;"Aqui voce verá as crianças, filhos dos ""nativos"", brincando na praia do rio que desemboca no mar, só você e eles, muitas tranquilidade, o pessoal aqui é muito bacana"
37;Um Rio que desagua no mar é um dos poucos pontos turísticos da ilha, boa para tomar banho e brincar, aqui você está em contato direto com a natureza, sem muita opção de conforto, é diversão e aventura.
38;A praia é linda, e o pôr do sol e o ponto mais forte. Cavalos e barcos passam a todo momento e o céu tem as cores mais vibrantes que eu já vi. O único ponto ruim é o chão embaixo da água que é lodoso.
39;A praia é linda. Lugar tranquilo. Ótimo para desligar do agito do dia a dia. Alugue bike, a trilha fica muito mais legal.
40;Local mágico...água limpa e refrescante, depois de uma boa trilha, um banho de mar é o melhor que pode existir. Recomendo a ilha, pois fui em dia de semana em janeiro e estava muito tranquila.
41;No dia 31/12/2016 as margens do lagamar em Cananéia peguei uma embarcação sentido Maruja, no primeiro dia do Ano de 2017 por volta das 6:00 hs segui ao meu destino pedalando pelas praias da ilha do Cardoso da praia do Maruja sentido praia pontal Leste, com muita sorte consegui fazer a travessia de barco para o lado do Paraná na Ilha do Superagui e voltei a pedalar e logo avistei a Praia deserta, lugar mágico! Algumas horas de pedalada avistei algo parecido com uma garagem de barco com uma placa escrito temos salgados, logo parei e fui informado que não tinha Pastel pela dona do local Sra.Rose que logo me apresentou o Sr Odair seu esposo que tirou água do lençol freático geladinha, onde me hidratei e aceitei o convite para o almoço passei quatro dos nove dias de viajem na praia deserta com a Família do Sr Odair e Sra Rose e suas crianças Estefani, Dafner e Nathan e uma outra visitante karine. Depois do quarto dia segui viagem até a vila do superagui onde conheci o fandango e a cataia, após duas noites de fandango, atravessei de barco a remo para a ilha das peças e contornei a mesma até chegar no vilarejo onde peguei uma embarcação sentido o continente na cidade Pontal SUL antes passando pela Ilha do Mel e Ilha da Cotinga de Pontal Sul pedalei até Matinhos e dormi uma noite e no dia seguinte meu ultimo dia de pedalada segui até o Destino Final em Guaratuba na casa do meu Amigo ( SERGIO BENDER) um reencontro após 27 anos, onde comemoramos o feito com churrasco e cerveja no dia seguinte 10/01/2017 peguei o ônibus sentido Coritiba onde fiz baldeação para São Paulo! Tudo foi surpreendente mas a PRAIA DESERTA DA ILHA DO SUPERAGUI é algo exuberante a noite mais linda que ja experimentei! Obrigado!
42;a trilha com natureza exuberante até a praia é bem longa, mas vale a pena. Leve repelente e filtro solar.
43;A praia deserta é linda! Aliás! Superagui é toda linda! Mas a praia deserta é uma excelente opção para fugir dos usuários de drogas q infestam a praia toda, principalmente em frente aos campings! Estive no réveillon e fiquei impressionada com o uso liberado de maconha e outras drogas ilícitas já dentro do barco para chegar até a ilha! Todos são coniventes! Está tudo em nossa frente! Não recomendaria nunca levar crianças para esse lugar! Lamentável um local tão maravilhoso abandonado pela fiscalização, governo e polícia! Uma ilha onde tudo, literalmente é liberado e saltando aos nossos olhos sem q possamos fazer alguma coisa!!! Sinceramente espero q esse cenário mude!
44;É uma praia completamente isolada, só acessivel por trilha, a pé ou de bicicleta. A trilha é boa e limpa, as pontes são novas. Leve água e lanche. A pé cerca de 3 horas e de bicicleta aproximadamente 1 hora e 30 minutos.
45;Da vila, com uma pedalada de aproximadamente 40 minutos, é possível chegar nesta praia extensa e maravilhosa, quilômetros de praia deserta, você pode escolher um local e curtir com exclusividade.Com um bônus: no final da praia, quase na ponta, reencontrando a baia de Paranaguá, os rios da região desaguam, formando um lago de água escura, porém limpa e morna.
46;A Praia Deserta, com morros ao fundo, segue a perder de vista e parece completamente deserta, mas tem 3 moradores e até um camping. Como é longa, a densidade demográfica é tão baixa, que pode ser considerada deserta mesmo. Tem algumas dunas baixas e um rio/lagoa cor de Coca-cola, com peixes bem pequenos e siris. O rio vai afinando até desaguar bem estreito, com largura de aproximadamente 1 m na praia, na maré baixa. Vimos um barranco com vegetação na praia, parece que o mar está escavando a areia. Na maré alta, parece que a água bate na vegetação. Não acho que isso impeça a passagem pela praia, mas talvez molhe os pés (e queira ir de papete). Na maré baixa, formam-se piscinas rasas à beira da praia. Disseram que tinha muito lixo na beira mar e dunas, mas não vi, não. Nem lixo trazido pelo mar, nem lixo jogado diretamente na praia. Talvez dependa da época do ano e das correntes marítimas.A trilha que parte da Barra do Superagui até a Praia Deserta é bem tranquila e dá para ser feita a pé ou de bicicleta. Decidimos ir a pé pela trilha e voltar pela praia para curtir 2 caminhos diferentes. É fácil encontrar o início da trilha, pois qualquer pessoa da vila pode te indicar. Seguimos pelo caminho ao lado da igreja. Não tem erro, basta ir seguindo em frente, pelo caminho mais aberto. A vila acaba e o caminho continua dentro da mata. Tem área mais fechada com sombra e mais aberta com sol. Também dá para fazer o contrário, da praia à vila, mas terá que procurar a saída da praia para a trilha que não é sinalizada, nem demarcada. Tinha um poste e 2 lixeiras bem no local onde a trilha desemboca na praia, mas lembro de ter visto uma lixeira em outro ponto da praia, já mais perto da Barra do Superagui. Também é provável que não tenha ninguém para pedir informação. A trilha é plana com pontes de concreto e passarelas de madeira sobre o rio e áreas alagadas. Li em alguns relatos que as passarelas de madeira estavam destruídas e tinha que passar por dentro dos córregos, mas acho que deram uma boa manutenção na trilha, pois as passarelas estavam em bom estado de conservação. A trilha corta uma área de mata e tinha mutucas que ficaram incomodando, voando em volta da cabeça, mas não fomos picados, pois saímos de calça comprida e camiseta de mangas longas. Na praia praticamente não tinha mutucas, porém disseram que no mês anterior até a praia estava infestada desses insetos. Tem um rio que forma uma espécie de lagoa cor de Coca-cola bem bonita. O rio vai afinando até desaguar bem estreito, com largura de aproximadamente 1 m na praia, na maré baixa. Vimos um barranco com vegetação na praia, parece que o mar está escavando a areia. Na maré alta, acho que a água bate na vegetação, mas nada que impeça a passagem, provavelmente só irá molhar o calçado. Forma piscinas rasas à beira da praia. Estavam iniciando as obras de construção de uma passarela ligando a sede do Parque Nacional do Superagui até a trilha.
47;Tirando as botucas, que só ocorrem no mês de novembro, a trilha que leva a praia é maravilhosa e a praia lindíssima.
48;Da vilinha até a praia deserta há uma trilha pela mata que pode ser feita a pé ou de bicicleta. A praia deserta é enorme, você pode andar o dia todo nela e não encontrar ninguém. è uma sensação de que está sozinho no mundo.
49;Lugar paradisíaco, porém os governantes deveriam ter um olhar para a ilha pois há muitos cachorros e até cavalo soltos precisando de cuidados.
50;Como o nome já diz é uma praia onde não há grande movimento de pessoas, o acesso se dá através de uma trilha, entretanto, apesar das poucas pessoas há marcas indeléveis da presença humana...havia uma quantidade razoável de lixo (garrafas, latas, bitucas de cigarro) por lá.
51;vale a pena conhecer este lugar, natureza quase selvagem um recanto muito bonito. Onde ainda é preservado.
52;Locamos bikes para fazermos a trilha de mais ou menos 6km, a trilha é de areia e passa por dentro da mata, uma vibe incrível! Quando chegamos na praia foi demais, ela é linda! Voltamos quando o Sol tava quase se pondo e foi um momento muito especial, pois o lugar tem uma energia muito boa!
53;Ótimo para passar o dia com os amigos em meio da tranquilidade de uma praia quase sem movimentação de pessoas. A praia é repleta de colchas pela areia e proporciona um ótimo visual.
54;A visão que tu tens lembra de praias que se vê em filme onde os desbravadores chegam pela primeira vez: vasta, deserta, gigante e rodeada pela serra. Há 2 caminhos para se chegar ate lá: uma trilha de 45 minutos aprox. por dentro da mata.Pode ser feita durante o dia como a noite. Se fizer a noite precisa de alguém que conheça a trilha. Tem uma variedade de bichos, insetos. E os plânctons nas lagoas que desembocam no mar...parecia filme do avatar! incrível! Durante o dia pela trilha o repelente não pode faltar. Uma outra alternativa seria pela praia mas aconselho durante o dia pois a noite a maré sobe. Levar água, comida é essencial.
55;muito bom !!! dá para alugar bikes no Japa próximo a igreja catolica, as bikes são bem usadas mas da pra usar, fazer a trilha com elas sem problemas ate a praia deserta é show!!
56;A experiência de ficar de boa na beira do córrego que deságua no mar perto da Praia Deserta de Superagui é algo praticamente indescritível. Seja pela orla, seja pela trilha o acesso é muito gostoso (não dá uma hora de caminhada, uns 20 minutos de bicicleta pela praia) e a recompensa são lagoas que se mesclam com o mar, moldando a areia e dando um refresco com uma correnteza suave e deliciosa em dias de sol. Simplesmente espetacular.
57;Praia linda, uma beleza difícil de encontrar nos últimos tempos, vale muito a pena conhecer, não esquecer de levar muita agua e comida, afinal a praia é deserta, se for pela trilha, cuidado com as pontes. Passar muito protetor solar e levar chápeu
58;"Lugar lindo e maravilhoso com toda a exuberância da mata nativa ao redor, com um rio de desemboca no mar...um belo visual para uma caminhada em meio a mata. Não esquecer de levar muito repelente pois as butucas ou ""porvinhas"" costumam fazer a festa nesta trilha. Cuidar muito das crianças, bezuntar com repelente e protetor solar. Mas vale a pena a caminhada!!!"
59;"Terceira vez que pisava na ilha e com um objetivo, ir de bicicleta sozinha até a Barra da Ararapira. Dizem que são 36 km só de ida, e tem que voltar igual. Aluguei a bicicleta um dia antes e às 9 horas depois de um café peguei a trilha para chegar na praia deserta. Apesar de ser carnaval, continuava quase deserta quando desemboquei na praia. Algumas pessoas treinando para triathlon e nada mais. Areia dura, maré ainda baixa e lá fui eu com 30 graus, céu limpo e só com uma garrafinha de água, na metade me apavorei pela falta do líquido, mas não era miragem, uma placa improvisada vendia pastéis e ÁGUA!!! no rancho do seu Odair, dona Rose e os filhotes Natan,Me abasteci e sai pedalando e a partir dali não encontrei mais ninguém, só aves, siris, peixes e o único som que se ouvia era o do mar e da brisa. 360 graus de pura solidão e algumas paradas para refrescar mergulhando os tornozelos e deitando no raso por medida de segurança. Cheguei na Barra mais de meio-dia e infelizmente não deu para atingir a pequena vila pois a maré não ajudou e a bike atolava, então, caminho de retorno, sem água e sem comida mas sabendo que logo ali, uns15 km, teria os pastéis da dona Rose e água em abundância. Meia volta e maré subindo a toda velocidade começaram os tropeços, ou melhor os encalhamentos dos pneus na areia mole. 500 metros de pedalada e mais 5 km empurrando a ""duas rodas"" e assim foi o retorno, com gargalhadas solitárias, delírios de cansaço e horizonte infinito que não chegava nunca, mas cheguei, às 18 horas, sã, salva, cansada e realizada por ter conseguido realizar mais um sonho e com 62 anos de valentia. Vale a pena demais, descrevi a saga porque a emoção não se descreve, se sente."
60;Andando pela praia por uns 3 km ou pela trilha é possível chegar lá. Mas o legal mesmo é alugar uma bicicleta e pedalar além da saída da trilha. São quilômetros sem encontrar absolutamente ninguém. Nem casas, nem pessoas, nada, só gaivotas, fragatas, trinta-réis e outros tipos de aves que a gente não costuma ver sempre. Vale muito à pena!
61;"Vale a pena alugar um bicicleta com o Fabrício na vila e pedalar pelos quilometros de praia deserta. É necessário um pouco de planejamento e disposição. Sendo necessário levar água e comida, afinal não há qualquer opção ao longo da praia.
É possível se reabastecer de água potável no Camping da Dona Rosa, localizado a uns 15 km da vila do Superagui,Importante ficar atento a maré, pois é muito mais fácil pedalar com a maré baixa."
62;"Perfil do local: alternativo, para quem busca sossego. Para quem vai acampar é aconselhável levar comida pois o preço lá é mais caro devido ao isolamento. Se for na alta temporada leve muita água também. Fui em 2016 e por conta da quantidade de turistas não havia água potável. Nessa época há barcos indo e voltando diariamente de Paranaguá, os preços cobrados foram de R$ 30 para barcos e R$ 40 para ""voadeiras"", é só chegar no cais e embarcar. Após o carnaval até o ano novo o local recebe poucos visitantes, sendo o Réveillon a época mais movimentada."
63;A trilha para a praia deserta é maravilhosa de se fazer, é bom alugar bikes pois se torna cansativo com o sol forte. Deve-se levar água e comida já que na praia deserta não tem nenhum lugar para vender.
64;A Praia Deserta tem 32 km de extensão, ideal para qualquer estação do ano, onde se pode passear sozinho, com companheiro ou ainda em família. É possível fazer passeios de bicicleta ou carroça, chegando até a divisa com o Estado de São Paulo.
65;Pra chegar a praia deserta tem que fazer uma trilha de 1h, 1h e 30. A trilha não é difícil e também é muito linda cercada por mato. Fora da temporada você encontra aquela extensão toda praia totalmente vazia, é realmente incrível.
66;Vale a caminhada. Leve protetor, repelente, agua e o que for comer. A praia, como diz o nome, eh deserta. Nao tem onde adquirir nada. Eh linda. Cuidado com o mar.
67;Uma boa caminhada na trilha para ir e para voltar fomos curtindo o mar aberto! lindo e calmo. ideal para quem quer paz e sossego!
68;Para chegar até a praia deserta fui pela trilha, é muito fácil chegar até a praia por lá, bemcomo pelo trajetofeito pela beira da praia.A praia é maravilhosa, super indico, dá para fazer altas fotos massa.
69;O passeio pela baia é muito bom. Em todos os lugares se avistam bichos aquáticos e voadores. A praia deserta é show!
70;Praia totalmente deserta para quem gosta de bastante contato com natureza, mar revolto, excelente trilha na ida e retorno pela praia para quem gosta de aventuras
71;Peguei a trilha e cheguei em 40 minutos. A praia é paradisíaca. Voltei pela praia e foi bem cansativo, no caminho tem que atravessar um rio que vai até a cintura. Levem água!!!!!
72;Chegamos até ela pela trilha que atravessa a ilha e é em grande parte protegida do sol... a praia lá parecia mais agitada que na barra. A vista da serra que circunda a região é muito bonita. Não tem nenhum ponto de venda nem construções o que deixa a paisagem ainda mais rústica e bela. É bom levar água e comida...
73;Uma imensidão de areia e praticamente ninguém à vista. Depois de uma trilha fácil de cerca de 30 minutos, chega-se a esse pedacinho de paraíso.
74;Uau!!!!!! Que lugar lindo!!!! Dá vontade de morar lá, de desfrutar mais da paz, das belezas, da harmonia deste lugar. Caminhar por esta praia de manhã, tarde ou noite é um presente divino!!! Águas deliciosas num horizonte a perder de vista. Contemplar, meditar, namorar, passear ...esta praia inspira somente coisas boas. Leve água, repelente, protetor e explore seus sentidos!
75;É simplesmente uma praia linda com quilômetros e quilômetros sem nada apenas você e o mar a natureza ainda virgem
76;Um lugar maravilhoso com duas opções de trilha, aconselhável ir pela trilha da floresta onde é possível apreciar as espécies nativas de plantas e alguns animais e voltar pela areia da praia contemplando a praia deserta
77;Lugar rústico e tranquilo, existem algumas trilhas para caminhada, prepare o repelente, as praias são desertas e intocáveis... lugar fantástico
78;Pedalei de norte a sul, cerca de 35 KM, só paz e tranquilidade, só tem que haver um planejamento pois não há nenhuma estrutura ou morador!
79;O lugar é tranquilo, apenas alguns turistas. Tem uma trilha legal para chegar até lá. Bom pra tomar um banho de sol ou banho de mar, pra quem quer sossego.
80;O acesso à praia pode ser feito, a parti da Vila de Superagui, por trilha ou pela faixa de areia, e dura cerca de meia-hora. A praia é enorme e vazia, com poucos turistas e cachorros. Ideal pra quem quer tranquilidade e não liga muito para o mar batido da região
81;Trilha longa mas limpa e bem sinalizada, Passeio imperdível na ilha! Levar camera, água e disposição para caminhar!
82;Longe da agitação, é um ótimo lugar pra ficar sossegado. Porém não há estrutura, então é necessário levar água e alimento.
83;Gostei da paisagem, ar puro, pássaros de caminhar 12 km. Precisa carregar bastante água pois não há vida humana no trajeto assim como outras comodidades. É melhor sair bem cedo fazer a trilha de dentro e voltar pela praia com o vento pelas costas, acho melhor.
84;Se vc busca um lugar para andar por kilometros em meio a natureza o lugar é aqui, exuberante e virgem!!!
85;Pedalar até a praia deserta vale muito a pena Se choveu nos dias anteriores, o lago que forma encontrando o mar é ainda mais bonito
86;"Praia deserta faz jus ao nome: Linda, exótica e selvagem...pode se andar por kilometros sem avistar ninguem.O mar tem suas ondas quebradas em bancos de areias e a água fica mais calma e límpida. Há também piscinas naturais de águas com cores cobreadas.
Lugar lindo!
"
87;Saindo do vilarejo,por uma trilha nos deparamos com a Praia Deserta, como o nome diz, totalmente deserta. Só mar, areia fina e clara. É bonito
88;Uma praia só pra mim, você essa sensação que tive. São quase 40 km de praia, sem nenhuma infraestrutura (leve tudo o que achar que vá precisar). Uma trilha sai da Vila de Superagui e como eu estava de bicicleta achei a trilha curta, cerca de 4km.
89;é melhor para banho, pois não tem tanta poluição dos moradores do local. Onde ficam as pousadas e restaurantes não consegui entrar na água.
90;Fomos no feriado de primeiro de maio. O acesso à praia é por uma trilha, e demora mais ou menos 1 hora para chegar até lá. A praia é literalmente deserta, não tem nada em volta. Leve tudo o que precisar.
91;Leva cerca de uma hora de caminhada pela trilha. Quando cheguei ela não estava deserta, tinha uma TV fazendo uma reportagem do lugar hehehehe. Lugar muito bonito mas não tem nada, por isso é importante levar água, protetor solar e tudo o que for precisar para a caminhada.
92;Se você quiser uma praia só para você, podes vir aqui, é so pegar um barco em Paranaguá, em meia hora você chega a essa lunda praia.
93;A praia realmente é deserta, como o próprio nome diz, só aparecem pescadores e poucos turistas, talvez a época que fui estava fora dos planos de passeio dos demais.
94;O nome já diz tudo! A praia deserta é destino obrigatório para quem quer ficar longe da civilização! São quase trinta quilômetros de praia sem nenhuma construção..
95;Ótimo destino para quem gosta de natureza e quer escapar um pouco do movimento mesmo durante o carnaval. Para quem quer ir um pouco mais longe, uma bicicleta é imprescindível. Não esqueça do protetor solar, pois praticamente não existem lugares com sombra no caminho. Além disso é importante levar água e qualquer outra coisa que quiser comer, pois como era de se esperar de uma praia deserta, não existem lanchonetes no caminho.
96;A praia deserta é, a minha opinião, o principal atrativo da Ilha de Superagui. Afinal, em que outra praia do Paraná você se imaginaria sozinho? São 40 km de praia que ligam o Paraná a São Paulo. O melhor é alugar uma bike, ou levar a sua, e aproveitar melhor o passeio sem ter que andar por tantas horas para poder percorrer um pedacinho da praia. Leve água e tudo o que for precisar, a praia é deserta mesmo, não há barraquinhas ou ambulantes.
97;"A praia é incrível, totalmente deserta e com vegetação rasteira preservada. Lembre-se de levar guarda sol, água e comida. A água é uma delícia. A trilha pelo mato dura 40 minutos, tem sombra e passa por um rio; a trilha pelo mar é mais longa e passa por uma região com um banco de areia que permite aos mais medrosos nadar a vontade."
98;"Para quem quer desfrutar do silêncio seja romântico ou com família é o lugar ideal. Natureza rustica. Fomos de carro até próximo de lá, depois fretamos um barco para atravessar mas dá para pegar barco em Paranaguá. Almoçamos frutos do mar, muito saborosos.É um passeio bacana, praia deserta, sem vai e vem de veículos ou outro meio de locomoção; em passeio com crianças ir prevenido, pois é praticamente deserto"
99;Para um passeio romantico é o lugar ideal. Muitissimo lindo, tem que pegar barco em paranagua tem 24 pousadas há uma trilha que liga a vila à praia deserta.
100;Saindo da barra de Superagui são 28 km até chegar na Barra de Ararapira, divisa com o estado de SP. Numas 6h de caminhada vc chega, O visual é maravilhoso, apenas 3 casas nestes 28 km, vc provavelmente não cruzará com uma alma viva em todo o trajeto, portanto leve água e pouco peso para carregar. Chegando em Ararapira, há uma pousada bem simples se quiser passar a noite lá. No outro dia, parta para o Marujá, na Ilha do Cardoso, são mais 15 km de caminhada (umas 3h) . Belíssimo lugar, com várias opções de hospedagem. O trajeto pode ser feito de bicicleta tb.
101;A ilha é super bacana, praia deserta sempre tem que estar prevenido levando lanches, águas w guarda sol pois lá não tem nada.
102;Para quem paz e tranquilidade esse é o lugar. A ilha tem pouca infra estrutura, com pousadas simples e pequenos mercados. Praticamente não há restaurantes. Não deixe de alugar uma bike e passear pela ilha.
103;Vale mais o passeio de voadeira do que a praia em si. Praia deserta logo após um trecho de caminhada, mas com muito lixo ao longo da praia (problema que encontramos em qualquer lugar do planeja devido à quantidade de plástico no oceano). Vale para conhecer, mas não é imperdível. Fomos de voadeira fretada a um custo de 350 reais.
104;O Parque Nacional do Superagui abrange, além da Ilha do Superagui, a Ilha das Peças, a Ilha do Pinheiro e a Ilha do Pinheirinho e também uma área continental. A maior infraestrutura está na Barra do Superagui na Ilha do Superagui. Nessa ilha, uma caminhada até a Praia Deserta é um roteiro bacana. Também não pode ficar de fora um passeio de barco até a Vila de Barbados para um almoço de frutos do mar e à Ilha do Pinheiro para ver os chauás ao final da tarde. Só evite o mês de novembro e o início de dezembro por conta das mutucas. Particularmente, evitaria o verão, pois é muito calor e a maioria das hospedagens não tem ar condicionado.
105;Lugar tranquilo, onde podemos desfrutar do contato direto com a natureza e caminhar na praia ouvindo apenas o marulhar das ondas.
106;Lugar agradável, especial pra quem paz e sossego fora de datas festivas como Natal e Ano Novo (quando enche como qualquer praia). Natureza rústica e ainda preservada apesar da quantidade de casas e construções. Vale pela paz e pela possibilidade de descanso e praias desertas e tranquilas
107;"O ilha em si é maravilhosa. Contato total com a natureza, belíssimas paisagens...Em relação à estrutura, não se pode esperar muita coisa, pois é uma vila de pescadores, sem atividade turística profissional. Nós ficamos na pousada praia mansa. Quartos bons (de madeira), café da manhã bacana e atendimento super legal do Agnaldo e sua família.Nós fizemos com ele o passeio até a cachoeira e fomos ver os papagaios de cara roxa (50 reais por pessoa). Excelente aventura e belíssimas paisagens.
Único inconveniente que tivemos foi na hora de locar as bikes p/ o passeio na praia deserta. Encontramos 2 locais para locação: um junto a um restaurante e outro na praia (com um tal de japa). Optamos pelo japa por ter bikes em melhores condições. Combinamos de pegar as bikes às 7h30 por 100 reais por 4 bikes e tempo livre. Acordamos cedo e nada dele... conseguimos iniciar o passeio as 9h00 depois de eu ir até a casa dele p/ chamá-lo. E mudou o preço e disse que 100 reais eram por 4 horas: (). Ok pegou e foi fazer o passeio. Na volta (3 h depois), quando fomos devolver, ele começou a olhar as bicicletas e disse que teríamos que pagar mais 60 reais para limpeza delas, pois estavam molhadas! Pode isso? Reclamei, disse que era ridículo e que não tinha sido avisado da tal taxa. Ele continuou reclamando e dizendo que os turistas são folgados, que querem dar colote.
Dica: nunca alugar bike com o tal de japa (se possível, leve a sua).
No restante, recomendo fortíssimo o passeio
 Enfim, com certeza indico a pousada!"
108;"Acho válido usar esse espaço para algumas informações que são difíceis de encontrar:Fora de temporada e feriados:
-Transporte: só há um horário de saída de Paranaguá para a ilha: 14h, se você perder, só no outro dia (ou como aconteceu conosco: ter a sorte de ter um morador voltando para a ilha e pegar carona). Volta da ilha para Paranaguá: 7h da manhã, valor por pessoa: R$ 40,00.
-Alimentação: os poucos restaurantes que tem abrem somente aos finais de semana. Chegamos em uma segunda-feira e por sorte encontramos o restaurante do Magal servindo algumas porções. Para o almoço, todos precisam de reserva com antecedência. Há pouquíssimos armazéns, então para não correr o risco de ficar sem comer, é bom ir preparado com alguns lanches.
-Praia: não há nenhuma estrutura de lanchonete beira-mar, aluguel de cadeiras ou guarda-sol.
-Vila: não há grandes estruturas, tudo é muito simples. Não há farmácias, então vale ir com um pequeno kit que inclua repelente e pós-sol. Pouco sinal de celular e poucas pousadas com wifi.
-Indico somente para quem quer sossego total.
*Sabendo de tudo isso, é só chegar e aproveitar a calmaria que só essa ilha tem!*
"
109;O lugar é muito bonito, mas demanda de bastante energia para caminhar ou andar de bicicleta (alugada no local) para que se possa apreciar belas paisagens.
110;parque Nacional!! Otimo para interagir com a comunidade local e a Natureza!!! Tradiçoes dos pescadores é atender bem o visitante, muita festa e comidas da região!!
111;Minha viagem foi tão completa! Me hospedei em Guaraqueçaba, fui de barco ao Superagui e curti a praia mais silenciosa que se poderia imaginar...Para quem gosta de aventuras roots, é um bom lugar para caminhar no vilarejo, conversar com os moradores e ouvir suas histórias da ilha.
112;Lugar lindo, mas vejo que a recepção poderia ser melhorada, com um centro de chegada, mostrando a história do parque, vegetação e principais animais, essas coisas. Mas no mais, vale demais à pena justamente por ser assim, nativo.
113;A vila é pequena tem um comercio restrito e pouco variado, não há bancos, farmácia ou supermercados, existem pequenas vendas e algumas lanchonetes e restaurantes que variam entre razoável e ótimo. a trilha para a praia deserta é uma atração assim como a praia. muito bom!!!
114;Uma ilha muito tranquila para se passar uns dias em meio a natureza e sem a agitação das praias
115;Sem palavras para descrever a experiência de conhecer a ilha. Fui de barco a partir de Guaraqueçaba e só esse caminho em si já vale a pena. Ilha com o charme das construções bem simples, varias pousadas bem acessíveis e campings. Fazer a trilha de 4 km por dentro da ilha e chegar na praia deserta é uma experiência sensacional.
116;Foi maravilhoso visitar o PARNA do Superagui.Lugar ímpar, belíssimo, fauna e flora preservados aliado à subsistência sustentável da população local.
117;Lugar que vale a pena visitar. Melhor se hospedar na ilha nas pousadas... os barcos que levam até a ilha partindo de quaraqueçaba tem o preço bem salgado. Mar calmo com água quentinha.
118;Vá com vontade de caminhar muito, pois a ilha não tem muitas opções. Lugar simples, sossegado, com pouca infraestrutura. Mas as maravilhas da Mãe Natureza valem o passeio.
119;Superagui e sossego andam juntos... Contudo atualmente são necessários alguns kilometros de caminhada na beira da praia para alcança-los...De uns anos pra cá, a população da ilha aumentou desproporcionalmente aos investimentos em infraestrutura, o que, de certa forma vem prejudicando as condições sócio-ambientais da região. Uma pena, pois isso acaba prejudicando sua imagem... Estive na ilha no início de 2016 em férias por poucos dias com a familia. Na época minha filha tinha 4 anos e optamos por nos hospedar numa pousada próximo ao ferry junto a vila principal de pescadores. A pousada em que nos hospedamos, ficava dentre as medianas em termos de valores de diária. A maioria das pousadas são construídas em madeira o que no verão ficam extremamente aquecidas. Para amenizar, dê preferência aos quartos maiores e com bons ventiladores. Outro detalhe que me deixou decepcionada com a vila de pescadores, foi com as fezes dos cavalos e cachorros que circulam na praia. Ainda se não bastasse, os pescadores descartam restos de peixes e camarão na beira da praia causando um odor terrível de pescados em decomposição. Outro problema que enfrentamos nos hospedando na vila, foi o som alto. No verão, os próprios moradores fazem suas festas com som acima do permitido e que percorrem madrugada a dentro, desrespeitando aqueles que querem um bom sono durante as madrugadas quentes do verão... Fora todos esses percalços, a ilha de Superagui é muito grande e é excelente pra caminhadas, bikes, passeios de barco, camping, fotos e rodas de fandango. Para chegar na ilha tem um barco de linha que sai de Paranagua e volta no outro ou dia. (verificar os horários e dias no site da prefeitura de Paranaguá) ou com os transfers marítimos que saem de Guaraqueçaba. Dica importante: levar dinheiro em papel, pois a maioria dos estabelecimentos e transportes não trabalham com cartões de crédito ou débito. Espero voltar em breve com minha filha maior para então caminharmos muiiiitooooo e alcançarmos aquele sossego que Supergui proporciona!!!!
120;Lindo lugar, uma praia gigante, porem peguei dias de frio e vento, mesmo assim foi possível apreciar a beleza de lá.
121;O Parque Nacional do Superagui, fica na cidade de Guaraqueçaba, Litoral Norte do Estado do Paraná. Tem como principal economia a pesca artesanal. A partir de 2008, se popularizou na Ilha a utilização da folha da cataia para envelhecimento do aguardente de cana, a bebida é deliciosa e muito famosa entre os turistas. Tem 32 km de praia, onde também se localiza a Praia Deserta, cujo final da orla faz divisa com o Estado de São Paulo. Não deixe de conhecer
122;Fora da temporada o Parque nacional do Superagui é uma calmaria que só. Muita paz pra curtir todo aquela extensão de praia e ficar tranquila
123;Praia linda, uma vista incrível e pessoas simpáticas. Tranquilo e acessível, comida caseira e deliciosa.
124;Local privilegiado nos aspectos natureza, localização e potencialidade turística de lazer e descanso. Conta com pousadas que oferecem conforto... que acolhe bem... e restaurantes com pratos de frutos do mar. Dentro de um Parque Nacional, peca ainda pela invasão e edificações dentro da área do parque, e muitos resíduos de embalagens. No setor do cais, falta infra estrutura e informações para turistas.
125;"Local para se desligar da sociedade e entrar em contato com a natureza. Ilha de pescadores. Infraestrutura é limitada, se resume a campings e pousadas bem simples. Porem aconchegantes.
Praia imensa e linda. Dá para avistar os botos da ilha da peças. Recomendo o passeio para ver os papagaios da cara roxa.
"
126;A viagem de barco de Guaraqueçaba para o Superagui já vale o passeio. Lugar lindo, tranquilo, contato com a natureza e com o pessoal da vila de pescadores.
127;Lugar lindo, paradisíaco, fui na semana de ano novo e quase não havia movimento. Os nativos são super solícitos. Precisa dar uma chance ao lugar. As acomodações são bem simples, se por acaso optar por ficar em pousada. Mas vale a viagem. Contato com a natureza o tempo todo, um lugar pra se esconder do mundo.
128;Lugar de paisagem lindíssima. Povo hospitaleiro. Quando for não esqueça do Fandango dança tipica caiçara e tomar uma Cataia bebida tipica.
129;O lugar é paradisíaco e tranquilo. Com poucos habitantes, na maioria pescadores. Porém, oferece pouca infraestrutura. A única coisa que me incomodou e muito foi cocô de cachorro. Na área perto das pousadas era o que tinha na areia: fezes de cachorro. Tinha que ter cuidado ao andar. E quando a maré subia, levava tudo para o mar. Eca!!!!
130;Um pequeno pedação do paraíso no litoral do Paraná! Saindo de Guaraqueçaba/PR e utilizando a voadeira como meio de transporte, o deslocamento até a ilha é rápido e passando por belas paisagens, como mangues, ilhas e vilas de pescadores A ilha, apesar de remota, é bem servida de restaurantes e possui um povo amável e simpático, que poderá indicar com facilidade o início da leve trilha que leva à praia deserta. A praia deserta, como o próprio nome diz, é livre de qualquer intervenção humana direta, o que propicia uma experiência única de estar em uma praia belíssima, em contato direto com a natureza, sem outras perturbações. O retorno até a vila pode ser feito pela praia mesmo, com uma caminhada por extensa faixa de areia. Ao fim, nada como escolher um dos restaurantes da ilha para saborear os pratos com peixes e camarões frescos. Ótima opção de passeio
131;Superagui é para quem gosta de natureza e sossego, mais do que infraestrutura. O passeio de barco de Guaraqueçaba até a ilha é lindo e tranquilo, passando entre manguezais e avistando apenas pequenas vilas aqui e ali. Ao chegar a Superagui, é preciso fazer uma trilha para chegar à Praia Deserta, e vale a pena. A trilha é fácil e a recompensa são mais de 20 quilômetros de praia que fazem jus ao nome - mesmo em alta temporada, a extensão é tamanha que sempre haverá um cantinho só seu.
132;É o sinônimo do paraíso, é você estar em uma praia deserta e ouvir apenas o barulho do mar e do vento, que melhor terapia do que essa....faz muito bem para o corpo e para a alma.
133;A ilha, embora com pouca estrutura, oferece Boas pousadas e várias opções de passeios. Não raramente é possível ver golfinhos bem próximos da praia. O local é paradisíaco.
134;o acesso á praia é de barcos, mas vale a pena, limpa, quase deserta, são 54 km de praias, fica em um parque
135;Alugamos uma lancha (R$ 60/pessoa) de Guaraqueçaba para visitarmos a ilha do Superagui (parque nacional). Couberam 6 pessoas na voadeira. Ao longo do trajeto o guia foi nos contando histórias marcantes das ilhas das peças e Superagui, bem como de suas comunidades. Chegamos à ilha Superagui, reservamos nosso almoço no restaurante Crepúsculo, onde comemos frutos do mar a céu aberto frente ao mar logo depois da nossa caminhada pelas trilhas e o passeio pela extensa e linda praia.
136;Nada como ouvir falar e conferir. Fomos num dia pretensiosamente de tempo fechado, mas o barqueiro Augusto, guarde este nome, nos levou de maneira bem interessada até a ilha das Peças e Superagui. Nesta última, praias de areias lindas e quilômetros de praias desertas a serem descobertas. Alugue uma bicicleta ao descer, não esqueça.
137;Ilha fantástica. A sensação de paz que existe nesse lugar é inigualável. Praia limpa, muito limpa e deserta. Possui pousadas simples, mas aconchegantes para a hospedagem. Quem gosta de sentar na areia, no sossego e apreciar o mar, esse é o lugar
138;"Fomos de barco a partir de Guaraqueçaba, leva em torno de 40 minutos de voadeira e o custo por barco é de 200 a 250 reais e leva no máximo 6 pessoas. O trajeto podem apreciar os mananciais e as vilas de pescadores na ilha das peças. Na chegada vimos vários botos. Os restaurantes no local são bem simples e não muito caros e necessitam ser agendados na chegada. A trilha até a praia a mar aberto demora 50 minutos num bom ritmo (fomos com criança 4 e 8 anos e foi bem tranquila). Ficamos na praia em torno de 1 hora e logo choveu, voltamos pela praia até a vila, o qual deu uma hora e meia de caminhada, porém andando bem devagar. Almoçamos no restaurante ""Crepusculo""... é simples, mas comida bem apetitosa, pedimos um prato com camarão ao molho, o qual foi suficiente para casal e 2 crianças e mesmo com as bebidas não excedeu 50 reais. A ilha possui pequenas pousadas e locais para camping. Para quem gosta pode comprar peixe diretamente com os pescadores, é bem em conta!!"
139;Um paraíso preservado com pouca visita. Lugar lindo com povo conservador. Famoso Fandangos o forrozinho local e a pinga Cataia também é bem apreciada. Vale a pena alugar uma bike e conhecer a ilha toda. Por do Sol maravilhoso.
140;Para quem gosta de natureza, praias desertas, sossego, simplicidade e um lindo céu estrelado. Vale muito a pena mesmo em dias chuvosos
141;"Praia muito deserta, uma delicia para quem quer ficar tranquilo e sentir a paz que a natureza transmite.
Maravilhoso para passear de bicicleta e ver a paisagem.
"
142;muito bonito lugar, tem uma praia deserta de 40 km entre superagui e a divisa de PR/SP, lugar recomendadíssimo
143;O Complexo de Superagui é um paraíso natural principalmente a ilha das Peças onde se encontra o berço dos golfinhos. Pode-se fazer passeios de barco pra curtir as belezas naturais e ver os golfinhos de perto.
144;Nesta ilha tem restaurante que cobra por pessoa (R$ 50,00), mas vale a pena. Vc come muito bem. Entre os pratos servidos tem, peix à milanesa, pirão de camarão e camarão à milanes (gigante). Vale a pena pagar este preço!
145;Destino muito legal, paisagem linda, bem vazia, voltaria com certeza. O passeio de barco para chegar por si só já é bonito, fomos no do Jacó, preço salgado e tripulação mal humorada. A pousada que ficamos foi a Costa Azul, do seu Ailton, muito boa, tudo excelente. Almoços na ilha precisa reservar antes com os restaurantes, melhor não ir sem avisar.
146;A Ilha de Superaguí é um dos paraísos do Paraná, praticamente isolada da muvuca é o local ideal para relaxar, curtir a natureza e ficar de bem com a vida.As pousadas locais são ótimas e dá pra fazer vários passeios na região, inclusive se maravilhar com a revoada dos papagaios no final do dia
147;mpossível ir até o parque e não entrar nas águas geladas! No começo dói, haha mas depois aprecie sem moderação! incrível como a sensação de sair de alma lavada é maravilhoso! vale a pena o cansaço da trilha da figueira, quem sabe você também não encontre as pegadas da onça assim como eu.
148;"A conexão com a calmaria chegou aqui. A pressa dá lugar à contemplação. Tudo neste lugar encanta. Recanto de belezas naturais, este reduto atrai. Uma das maiores atrações da ilha das Peças são os golfinhos, ou seriam botos? Eles estão sempre presentes e parece que ali é a residência ""oficial"" deles. Gaivotas e mergulhoes também são abundantes . Há duas versões para o nome da ilha. Uma é a de que era esconderijo para as peças saqueadas pelos piratas. Outra é uma referência ao tráfico de escravos, chamados de peças.
Bem...com tudo isso, não podemos ficar sem uma degustação. E não poderíamos passar sem conhecer o Restaurante Iná II. Casquinha de siri, peixe, camarão, salada, fritas, arroz soltinho e o bom bolinho de camarão. Tudo muito delicioso.
"
149;Tão perto do Sul e do Sudeste e ainda um destino inexplorado, é inacreditável que não tenha sido descoberto. Um paraíso inexplorado, um lugar lindo, único e simples. Casas de pescadores, pequenas pousadas e uma praia deserta de quilômetros e quilômetros. A sensação de conhecer a todos e de encantamento de todos com esse lugar. Tem que pegar um barco ou uma lancha da cidade de Paranaguá e chegar à vila da Ilha de Superagui, depois é só curtir e comer um pastel na praia, sempre passa alguém vendendo ou então alugar uma bike e andar até cansar e depois voltar, é uma reta só
150;Amei a ilha do Papagaio-de-Cara-roxa. Lindo espetáculo da revoada deles ao nascer e ao por do sol. São milhares em casais, ou familias. Dizem que eles nunca se separam, pelo resto da vida. Quando um morre e outro fica viúvo, este se junta a outro casal para nao viver sozinho. E é assim que eles voam, sempre em pares, trios. Muito lindo por do sol desta ilha também
151;Lindo lugar para relaxar curtir a paisagem linda que a natureza e comunidade local tem para oferecer. Paz, simplicidade, harmonia é o que define esse lugar. Maravilhoso
152;Por ser uma reserva natural tem as praias mais bonitas e limpas do Estado do Paraná. O acesso não é muito fácil, mas vale a pena.
153;É uma reserva florestal que pode ser acessada através de barco a partir de Guaraqueçaba. O percurso de barco é muito bonito e leva cerca de 40 minutos. O local de acesso é uma vila de pescadores bem rústica que possui alguns restaurantes e muitos barcos. Lugar interessante que vale a pena visitar. É possível também visualizar muitos botos próximo à praia.
154;Um verdadeiro refugio, o Parque Nacional do Superagui, é uma verdadeira maravilha do litoral paranaense. Para se estar em contato com a natureza. Vila de pescadores, ambiente rustico, maravilhoso
155;Para quem quer sair da rotina, o Parque Nacional de Superagui ou ilha de Superagui como é mais conhecida é uma bela opção, venha conhecer
156;Lugar para se desligar do agito das grandes cidades e curtir muito um natureza exuberante. m dos lugares mais belos do litoral paranaense.
157;Lugar super calmo. Parti de Guaraqueçaba, num barquinho e a vista é muito louca. Passa por dentro de um mangue, e depois você chega na ilha. No caminho é possível ver muito boto, e a praia é super calma. Bem preservado.
158;A Ilha de Superagui é um lugar para descansar. Partindo de Paranaguá de barca a viagem pode durar de duas a três horas e meia (se o mar estiver agitado). Na travessia fomos acompanhados por uma família de golfinhos. O lugar é incrível, uma vila de pescadores, com casas simples, muito tranquilo. Como é um parque de preservação ambiental, as praias são preservadas, cheias de peixes, siris, gaivotas. É um paraíso.
159;Pegamos uma lancha em Guaraqueçaba, e fomos ao superagui... meia hora andando por paisagens estupendas e chegamos a ilha... a infra estrutura é precária.. mas a natureza ali presente é de deixar qquer um de boca aberta.. passear pela praia deserta é uma experiência indiscretivel... recomendadíssimo
160;"O Parque Nacional de Superagui é composto de diversas ilhas da região que por sua vez pertencem ao município de Guaraqueçaba. Só é possível chegar as ilhas de barco, ao contrário de Guaraqueçaba que é possível chegar por terra, porém a estrada está bem ruim. Tínhamos como projeto, conhecer diversos locais em nossa viagem de lua de mel, e incluímos Superagui e Guaraqueçaba em nosso roteiro. A ilha de Superagüi é simplesmente maravilhosa, possui quilômetros de areia e em alguns locais formam pequenos bancos de areia e piscinas, onde é possível nadar tranquilamente. Visualizar o nascer e o por do sol neste local é mágico... Como gostamos mais da tranquilidade, escolhemos passar pelo local em janeiro, após a ""invasão"" de turistas que ocorre no natal, virada do ano, carnaval, além de alguns feriados prolongados na época de calor. A ilha é composta de moradores/pescadores simples, de uma coração e simpatia enormes."
161;É uma reserva muito bem preservada. Vale a pena uma visita na pequena comunidade de Barbados, Para chegar lá é preciso combinar uma carona com um barqueiro. Caso queria almoçar em Barbados, é necessário ligar com antecedência e combinar com a dona Cesarina, caso contrário existe a chance de perder a viagem. Se o interesse é conhecer o tradicional fandango no bar Akdov, é preciso visitar a Ilha nos feriados. Como o principal acesso é a barca que sai de paranaguá, é importante prestar atenção aos horários. Ótimo destino para quem quer um contato maior com a natureza e quer aproveitar um pouco o ritmo de vida tranquila dos pescadores.
162;O Parque Nacional do Superagui está com sua visitação em processo de organização. Mesmo assim, é possível visitar suas ilhas e comunidades tradicionais de entorno. Na Ilha do Superagui a paisagem é maravilhosa, com 38 km de praia deserta, restingas e mangues conservados. Você pode ser hospedar na Barra do Superagui, fazer cicloturismo e caminhar na trilha que leva a Praia Deserta. Com sorte em feriados e datas especiais pode curtir o fandango no Bar Akdov. Outras comunidades podem ser visitadas como Barbados e a Barra do Ararapira na porção norte próxima a São Paulo. Na Ilha das Peças também há hospedagem, alimentação, praia e a linda baía dos golfinhos. No final da tarde você pode ir a região da Ilha do Pinheiro observar a revoada dos papagaios-de-cara-roxa, um espetáculo emocionante. O acesso principal se dá em embarcações que saem de Paranaguá-PR
163;Local bem preservado, com várias pousadas, acesso através de barco via Paranaguá 2:30hs, ou 45min de lancha
164;A trilha que atravessa um trecho de restinga entre a vila e a praia proporciona um contato fantástico com este bioma, que possui paisagens incríveis. Depois retornar caminhando pela praia completa um belo passeio que termina nos restaurantes da vila, com deliciosa comida caseira
165;Excelente recepção trilhas limpas até com quiosque de banheiro! Mas não polua a natureza, não entre nas piscinas naturais com protetor solar e repelente! Deixe pra passar após o banho. Ah, sim, vc vai precisar!
166;Não vá em novembro. Há muita mutuca. É simplesmente insuportável. O bicho te ataca sem pena. Não dá nem pra apreciar o local, que é maravilhoso
167;A caminhada pela trilha e a praia deserta é ótima, mas, cuidado com a distância, é muito longa, saia preparado.
168;O Parque é bem preservado, ótimo para fazer trilhas, vc tem a opção de vir de barco de Paranagua, ou pela Estrada, 80 km de Estrada ruim, mas vale a pena o passeio
169;É preciso sair do comodismo para encarar a aventura. Primeiro, porque não há barcos regulares nem de Paranaguá ou de Guaraqueçada. Portanto, é preciso contratar um barco, mas vale a pena, não só pelo trajeto como pela ilha em si. Lá, o ritmo é de vila de pescadores, há poucas pousadas, come-se bem nos poucos restaurantes, e há praias desertas. Um luxo!
170;"tem que ir preparado para natureza mais selvagem. leva até três horas e meia de barca, que você pega na marina de paranaguá, ou cerca de uma hora em uma voadeira que custa em média 400 reais para seis pessoas.mas valeu cada centavo gasto. o lugar é encantador, as pessoas que moram na ilha são acolhedoras e gostam de conversar 
no nosso caso, estávamos em quatro amigas, então a locomoção saiu meio caro. como os caraibas que aportam por la. fomos em um dia e voltamos no outro. um passeio que recomendo sem titubear
"
171;Pra quem busca entrar em contato com a natureza. O Parque Nacional do Superagui possui praias desertas lindas, trilhas no meio da restinga, entre muitas outras atrações. 