id,coments
,praia água calma lugar preço acessíveis ideal tomar sol entrar mar
,praia sofre detrito retirado inumero manguezal existente areia branca caminhada sol
,superagüi frequentada turista virada carnaval páscoa morador falaram cerca turista momento restante tranquila beleza natural praia limpa pássaro diversa espécie peixe golfinho apesar chegar ilha barco alimentação cara campings pousada beira mar ilha preservação permite construção restaurante oferecem comida caseira preço justo convidativo período barco linha custo preciso utilizar serviço táxis náutico valor r pessoa importante verificar desembarque embarcação maior caso desembarcamo camping criança bagagem sol forte certo conseguimo barco volta saindo frente camping ficamo camping tubarão banheiro cozinha coletiva razoável tomada árvor criança ir sozinha praia quase onda salvo mar agitado comparado praia frequentei litoral santa catarina tranquilo sentimo presença icmbio sede ilha morador relatam proibição plantar construir afetam vida percebemo iniciativa ajudem pessoa terem renda digna acesso serviço haver alternativa juventude especialmente desestruturação política educação campo valeu pena
,praia barra superagui vila rende foto barco concentra infraestrutura turística ilha vi boto comum avistá lo disseram gostoso tomar banho praia costuma água viva dependendo época dezembro disseram praia deserta melhor banho água clara acho água viva jeito
,belo visual alucinante ficar barulho carro muvuca praia
,eis roteiro vale super pena descansar conhecer litoral paranaense chegar ilha superagui namorada pegamo barco paranaguá pr cujo valor cobrado real pessoa somente ida embarcação comporta pessoa geralmente sai volta h manhã retorna h levando torno min percorrer trajeto paranaguá ilha superagui chegamo ilha cara percebe estrutura rústica luxo aconchegante ficamo camping pousada centauro cobrado diária real pessoa camping possui infraestrutura ilha quase aceito cartão então ir preparado pagar direto dinheiro existe mercearia eventual necessidade lanchonete pousada onda existe restaurante vende porção existe ilha roteiro interessante ilha travessia praia deserta divisa ilha cardoso passeio barco baia superagui travessia praia deserta pé bike alugada ilha conhecido japa preço justo cuida super bike vale pena conferir passeio baia morador ilha passeio barco época paguei real fiz dono pousada centauro sr badejo conhecemo baía vimo golfinho conhecemo cachoeirinha vilarejo baía vimo revoada papagaio ficamo dia ilha porem conseguimo conhecer praia deserta conta tempo virou repentinamente voltaremo curtir aproveitar paz ilha superagui
,praia onda casa natureza restaurante descansar
,comunidade vive ficam pousada possui bela paisagem areia visualizar golfinho entretanto cão residente ilha precisa cuidar pisa
,der trilha extensa areia caminhada vale pena admirar bela praia mata mar
,época carnaval cultura típica máscara interessante apreciada escolham pousada frente mar quase manhãs dezena golfinho saindo ilha passando barco ficam atracado ilha comunidade disponibilizam passeio ilha custo dentre ilha papagaio cara roxa encontrado ilha brasil
,ótimo contato natureza longa caminhada beira mar preocupar alugar bicicleta pedalar plano subida decida tranquilo esforço
,ilha superagui ótimo destino pousada comum possuem necessário comercio básico
,praia principal vila superagui vila cheia barco pescador repleta golfinho saltitante parecem indiferente banhista água quentinha nadar tranquilão andar pedalar faixa areia
,toa chama parque nacional superagui reserva biosfera patrimônio humanidade unesco
,acontece ilha superagui pousada lanchonete bar fandango pessoa maravilhosa moram carinho visitante
,praia barra superagui tranquila água calma sol amanhecer possibilitam visual incríveis excelente ambiente relaxar descansar
,perfil alternativo busca sossego acampar aconselhável levar comida preço caro devido isolamento alta temporada leve água conta quantidade turista água potável época barco indo voltando diariamente paranaguá preço cobrado r barco r voadeira chegar cais embarcar carnaval recebe visitante réveilon época movimentada
,ambiente barra superagui rústico simples encantador pessoal nativo acolhedor prestativo ótimo descansar desligar correria cidade
,barra superagui maravilhoso aportou andança ham staden integrante município guaraqueçaba canal varadouro aberto volta lembro certo ideal amante natureza amigo família bebês poderá desfrutar bebida chamada cataia aguardente cana envelhecido folha cataia conhecido região uísque caiçara excelente sabor afrodisíaca
,tranquilo estrutura comércio estadia vc encontrar opção simples melhor sentar beira mar golfinho chegam trajeto barco ilha mel superagui voltar vale pena
,busca beleza fundo mar lodo areia mar aberto então calmo lagoa água salgada trazer paz espirito céu maravilhoso conseguimo varia constelação
,praia água tranquila morna golfinho nadando banhista cor água marrom creio causa natureza areia parecia limpa praia podemo nadar pelado sermo percebido
,procurando aventura natureza necessário vida simples vila pescador passeio barco praia deserta
,simplesmente encantador pousada rustica praia deserta simplesmente paradisíaco passeio chamam coroa bacana oportunidade boto pertinho sensação maravilhosa natureza preservada caminhar areia varia especie peixe siris água alimentação limitada peixe camarão então come peixe leva tipo carne casa ótimo restaurante restaurante golfinho comida super caseira alia restaurante caseiro adoro pretendo voltar
,praia aonde chegam barco aonde fica casa pescador avistar boto exibindo pôr sol bonito
,areia paisagem incríveis paz sossego trilha pousada simples rústica legal recomendo passeio praia deserta
,decidimo ir almoçar domingo praia superagui conhecê comer peixe fresco infelizmente chegamo encontramo absolutamente restaurante pudesse atender restaurante aberto negaram atender havíamo reserva sinceramente achei faltou vontade
,centrinho ilha acontece chegada partida trapiche restaurante bar pousada
,praia linda tranquila ilha possui vila pescador vivem pesca camarao vila ha pousada acampamento simples aconchegante visita golfinho constante recomendo
,ilha bonito existem diverso lugar explorar deliciar imagem natureza proporciona
,praia barra morador pousada trapiche chegam barco dali saem pescador trazer alimento saudável visitante aconchegante
,praia barco ficam aportado ilha peça pousada camping praia saem barco paranaguá passeio ilha peça cedinho avistar golfinho praia
,marido voltou falando maravilha quis levar amiga lindo experiência ruim mar sujo escuro cachorro ilha impossível andar areia vária surpresa adoro cachorro areia praia quantidade combina
,praia calma habitada curtir natureza vale passar amigo praia
,praia barco acessa ilha superagui praia bonita melhor banho praia calma
,voce verá criança filho nativo brincando praia rio desemboca mar tranquilidade pessoal bacana
,rio desagua mar turístico ilha tomar banho brincar contato direto natureza opção conforto diversão aventura
,praia linda pôr sol forte cavalo barco passam céu cor vibrante vi único ruim chão embaixo água lodoso
,praia linda tranquilo ótimo desligar agito alugue bike trilha fica legal
,mágico água limpa refrescante trilha banho mar melhor existir recomendo ilha semana janeiro tranquila
,margem lagamar cananéia peguei embarcação sentido maruja volta hs segui destino pedalando praia ilha cardoso praia maruja sentido praia pontal leste sorte consegui travessia barco paraná ilha superagui voltei pedalar avistei praia deserta mágico pedalada avistei parecido garagem barco placa escrito salgado parei informado pastel dona sra rose apresentou sr odair esposo tirou água lençol freático geladinha hidratei aceitei convite almoço passei dia viajem praia deserta família sr odair sra rose criança estefani dafner nathan visitante karine segui vila superagui conheci fandango cataia noite fandango atravessei barco remo ilha peça contornei chegar vilarejo peguei embarcação sentido continente cidade pontal sul passando ilha mel ilha cotinga pontal sul pedalei matinho dormi seguinte ultimo pedalada segui destino guaratuba casa amigo sergio bender rencontro comemoramo churrasco cerveja seguinte peguei ônibus sentido coritiba fiz baldeação paulo surprendente praia deserta ilha superagui exuberante linda ja experimentei
,trilha natureza exuberante praia longa vale pena leve repelente filtro solar
,praia deserta linda aliás superagui linda praia deserta excelente opção fugir usuário droga q infestam praia principalmente frente campings réveilon fiquei impressionada uso liberado maconha droga ilícita barco chegar ilha conivente frente recomendaria levar criança lamentável maravilhoso abandonado fiscalização governo polícia ilha literalmente liberado saltando olho q possamo sinceramente espero q cenário mude
,praia completamente isolada acessivel trilha pé bicicleta trilha limpa ponte leve água lanche pé cerca bicicleta aproximadamente minuto
,vila pedalada aproximadamente minuto chegar praia extensa maravilhosa quilômetro praia deserta escolher curtir exclusividade bônus praia quase ponta rencontrando baia paranaguá rio região desaguam formando lago água escura limpa morna
,praia deserta morro fundo segue perder vista completamente deserta morador camping longa densidade demográfica baixa considerada deserta duna baixa rio lagoa cor coca cola peixe siris rio afinando desaguar estreito largura aproximadamente m praia maré baixa vimo barranco vegetação praia mar escavando areia maré alta água bate vegetação acho impeça passagem praia molhe pés queira ir papete maré baixa formam piscina rasa beira praia disseram lixo beira mar duna vi lixo trazido mar lixo jogado diretamente praia dependa época corrente marítima trilha barra superagui praia deserta tranquila pé bicicleta decidimo ir pé trilha voltar praia curtir caminho diferente fácil encontrar início trilha qualquer pessoa vila indicar seguimo caminho igreja erro basta ir seguindo frente caminho aberto vila acaba caminho continua mata fechada sombra aberta sol contrário praia vila procurar saída praia trilha sinalizada demarcada poste lixeira trilha desemboca praia lembro visto lixeira praia barra superagui provável pedir informação trilha plana ponte concreto passarela madeira rio área alagada li relato passarela madeira destruída passar córrego acho deram manutenção trilha passarela estado conservação trilha corta mata mutuca ficaram incomodando voando volta cabeça picado saímo calça comprida camiseta manga longa praia praticamente mutuca disseram anterior praia infestada inseto rio espécie lagoa cor coca cola bonita rio afinando desaguar estreito largura aproximadamente m praia maré baixa vimo barranco vegetação praia mar escavando areia maré alta acho água bate vegetação impeça passagem provavelmente irá molhar calçado piscina rasa beira praia iniciando obra construção passarela ligando sede parque nacional superagui trilha
,tirando botuca ocorrem novembro trilha leva praia maravilhosa praia lindíssima
,vilinha praia deserta trilha mata pé bicicleta praia deserta enorme andar nela encontrar è sensação sozinho mundo
,paradisíaco governante olhar ilha cachorro cavalo solto precisando cuidado
,praia movimento pessoa acesso trilha entretanto apesar pessoa marca indeléveis presença humana quantidade razoável lixo garrafa lata bituca cigarro
,vale pena conhecer natureza quase selvagem recanto bonito preservado
,locamo bike fazermo trilha km trilha areia passa mata vibe incrível chegamo praia linda voltamo sol tava quase pondo especial energia
,ótimo passar amigo tranquilidade praia quase movimentação pessoa praia repleta colcha areia proporciona ótimo visual
,visão lembra praia vê filme desbravador chegam vasta deserta gigante rodeada serra caminho chegar ate trilha minuto aprox mata durante fizer precisa conheça trilha variedade bicho inseto plânctom lagoa desembocam mar parecia filme avatar incrível durante trilha repelente faltar alternativa praia aconselho durante maré sobe levar água comida essencial
,alugar bike japa igreja catolica bike usada usar trilha problema ate praia deserta show
,experiência ficar beira córrego deságua mar praia deserta superagui praticamente indescritível orla trilha acesso gostoso caminhada minuto bicicleta praia recompensa lagoa mesclam mar moldando areia dando refresco correnteza suave deliciosa dia sol simplesmente espetacular
,praia linda beleza difícil encontrar tempo vale pena conhecer esquecer levar agua comida afinal praia deserta trilha cuidado ponte passar protetor solar levar chápeu
,lindo maravilhoso exuberância mata nativa redor rio desemboca mar belo visual caminhada mata esquecer levar repelente butuca porvinha costumam festa trilha cuidar criança bezuntar repelente protetor solar vale pena caminhada
,pisava ilha objetivo ir bicicleta sozinha barra ararapira km ida voltar igual aluguei bicicleta café peguei trilha chegar praia deserta apesar carnaval continuava quase deserta desemboquei praia pessoa treinando triathlon areia dura maré baixa graus céu limpo garrafinha água metade apavorei líquido miragem placa improvisada vendia pastéis água rancho odair dona rose filhote natan abasteci sai pedalando dali encontrei ave siris peixe único som ouvia mar brisa graus pura solidão parada refrescar mergulhando tornozelo deitando raso medida segurança cheguei barra infelizmente atingir vila maré ajudou bike atolava então caminho retorno água comida sabendo km pastéis dona rose água abundância meia volta maré subindo velocidade começaram tropeço melhor encalhamento pneus areia mole metro pedalada km empurrando roda retorno gargalhada solitária delírio cansaço horizonte infinito chegava cheguei sã salva cansada realizada conseguido realizar sonho valentia vale pena descrevi saga emoção descreve sente
,andando praia km trilha chegar legal alugar bicicleta pedalar saída trilha quilômetro encontrar absolutamente casa pessoa gaivota fragata trinta réis tipo ave gente costuma vale pena
,vale pena alugar bicicleta fabrício vila pedalar quilometro praia deserta necessário planejamento disposição necessário levar água comida afinal qualquer opção longo praia reabastecer água potável camping dona rosa localizado km vila superagui importante ficar atento maré fácil pedalar maré baixa
,perfil alternativo busca sossego acampar aconselhável levar comida preço caro devido isolamento alta temporada leve água conta quantidade turista água potável época barco indo voltando diariamente paranaguá preço cobrado r barco r voadeira chegar cais embarcar carnaval recebe visitante réveilon época movimentada
,trilha praia deserta maravilhosa alugar bike torna cansativo sol forte levar água comida praia deserta vender
,praia deserta km extensão ideal qualquer estação passear sozinho companheiro família passeio bicicleta carroça chegando divisa estado paulo
,chegar praia deserta trilha h h trilha difícil linda cercada mato temporada encontra extensão praia totalmente vazia realmente incrível
,vale caminhada leve protetor repelente agua comer praia eh deserta adquirir eh linda cuidado mar
,caminhada trilha ir voltar curtindo mar aberto lindo calmo ideal paz sossego
,chegar praia deserta trilha fácil chegar praia bemcomo trajetofeito beira praia praia maravilhosa super indico alta foto massa
,passeio baia lugar avistam bicho aquático voador praia deserta show
,praia totalmente deserta gosta contato natureza mar revolto excelente trilha ida retorno praia gosta aventura
,peguei trilha cheguei minuto praia paradisíaca voltei praia cansativo caminho atravessar rio cintura levem água
,chegamo trilha atravessa ilha protegida sol praia parecia agitada barra vista serra circunda região bonita venda construção deixa paisagem rústica bela levar água comida
,imensidão areia praticamente vista trilha fácil cerca minuto chega pedacinho paraíso
,uau lindo vontade morar desfrutar paz beleza harmonia caminhar praia manhã presente divino água deliciosa horizonte perder vista contemplar meditar namorar passear praia inspira somente leve água repelente protetor explore sentido
,simplesmente praia linda quilômetro quilômetro mar natureza virgem
,maravilhoso opção trilha aconselhável ir trilha floresta apreciar espécie nativa planta animal voltar areia praia contemplando praia deserta
,rústico tranquilo existem trilha caminhada prepare repelente praia deserta intocáveis fantástico
,pedalei norte sul cerca km paz tranquilidade haver planejamento estrutura morador
,tranquilo turista trilha legal chegar tomar banho sol banho mar sossego
,acesso praia parti vila superagui trilha faixa areia dura cerca meia praia enorme vazia turista cachorro ideal tranquilidade liga mar batido região
,trilha longa limpa sinalizada passeio imperdível ilha levar camera água disposição caminhar
,agitação ótimo ficar sossegado estrutura então necessário levar água alimento
,gostei paisagem ar puro pássaro caminhar km precisa carregar água vida humana trajeto comodidade melhor sair trilha voltar praia vento costa acho melhor
,vc busca andar kilometro natureza exuberante virgem
,pedalar praia deserta vale pena choveu dia anterior lago encontrando mar bonito
,praia deserta jus linda exótica selvagem andar kilometro avistar ninguem mar onda quebrada banco areia água fica calma límpida piscina natural água cor cobreada lindo
,saindo vilarejo trilha deparamo praia deserta totalmente deserta mar areia fina clara bonito
,praia sensação quase km praia infraestrutura leve achar vá precisar trilha sai vila superagui bicicleta achei trilha curta cerca km
,melhor banho poluição morador ficam pousada restaurante consegui entrar água
,feriado maio acesso praia trilha demora chegar praia literalmente deserta volta leve precisar
,leva cerca caminhada trilha cheguei deserta tv reportagem hehehehe bonito importante levar água protetor solar precisar caminhada
,quiser praia pode so pegar barco paranaguá meia chega lunda praia
,praia realmente deserta aparecem pescador turista época plano passeio
,praia deserta destino obrigatório ficar civilização quase trinta quilômetro praia construção
,ótimo destino gosta natureza escapar movimento durante carnaval ir bicicleta imprescindível esqueça protetor solar praticamente existem lugar sombra caminho importante levar água qualquer quiser comer esperar praia deserta existem lanchonete caminho
,praia deserta opinião principal atrativo ilha superagui afinal praia paraná imaginaria sozinho km praia ligam paraná paulo melhor alugar bike levar aproveitar melhor passeio andar percorrer pedacinho praia leve água precisar praia deserta barraquinha ambulante
,praia incrível totalmente deserta vegetação rasteira preservada lembre levar guarda sol água comida água delícia trilha mato dura minuto sombra passa rio trilha mar longa passa região banco areia permite medroso nadar vontade
,desfrutar silêncio romântico família ideal natureza rustica carro fretamo barco atravessar pegar barco paranaguá almoçamo fruto mar saboroso passeio bacana praia deserta veículo locomoção passeio criança ir prevenido praticamente deserto
,passeio romantico ideal muitissimo lindo pegar barco paranagua pousada trilha liga vila praia deserta
,saindo barra superagui km chegar barra ararapira divisa estado sp numa h caminhada vc chega visual maravilhoso casa km vc provavelmente cruzará alma viva trajeto portanto leve água peso carregar chegando ararapira pousada simples quiser passar parta marujá ilha cardoso km caminhada h belíssimo vária opção hospedagem trajeto bicicleta tb
,ilha super bacana praia deserta prevenido levando lanche água w guarda sol
,paz tranquilidade ilha infra estrutura pousada simples mercado praticamente restaurante deixe alugar bike passear ilha
,vale passeio voadeira praia praia deserta trecho caminhada lixo longo praia problema encontramo qualquer planeja devido quantidade plástico oceano vale conhecer imperdível voadeira fretada custo real
,parque nacional superagui abrange ilha superagui ilha peça ilha pinheiro ilha pinheirinho continental infraestrutura barra superagui ilha superagui ilha caminhada praia deserta roteiro bacana ficar passeio barco vila barbado almoço fruto mar ilha pinheiro chauás evite novembro início dezembro conta mutuca particularmente evitaria verão calor hospedagem ar condicionado
,tranquilo podemo desfrutar contato direto natureza caminhar praia ouvindo marulhar onda
,agradável especial paz sossego data festiva natal enche qualquer praia natureza rústica preservada apesar quantidade casa construção vale paz possibilidade descanso praia deserta tranquila
,ilha maravilhosa contato total natureza belíssima paisagem estrutura esperar vila pescador atividade turística profissional ficamo pousada praia mansa quarto madeira café manhã bacana atendimento super legal agnaldo família fizemo passeio cachoeira papagaio cara roxa real pessoa excelente aventura belíssima paisagem único inconveniente locar bike p passeio praia deserta encontramo local locação junto restaurante praia japa optamo japa bike melhor condição combinamo pegar bike h real bike tempo livre acordamo conseguimo iniciar passeio h ir casa p chamá mudou preço real ok pegou passeio volta h devolver começou olhar bicicleta pagar real limpeza molhada reclamei ridículo avisado taxa continuou reclamando dizendo turista folgado colote dica alugar bike japa leve restante recomendo fortíssimo passeio enfim indico pousada
,acho válido usar espaço informação difíceis encontrar temporada feriado transporte horário saída paranaguá ilha h perder aconteceu conosco sorte morador voltando ilha pegar carona volta ilha paranaguá h manhã valor pessoa r alimentação restaurante abrem somente final semana chegamo feira sorte encontramo restaurante magal servindo porção almoço precisam reserva antecedência pouquíssimo armazém então correr risco ficar comer ir preparado lanche praia estrutura lanchonete beira mar aluguel cadeira guarda sol vila estrutura simples farmácia então vale ir kit inclua repelente pós sol sinal celular pousada wifi indico somente sossego total sabendo chegar aproveitar calmaria ilha
,bonito demanda energia caminhar andar bicicleta alugada possa apreciar bela paisagem
,parque nacional otimo interagir comunidade natureza tradiçoe pescador atender visitante festa comida região
,completa hospedei guaraqueçaba barco superagui curti praia silenciosa imaginar gosta aventura rots caminhar vilarejo conversar morador ouvir história ilha
,lindo vejo recepção melhorada centro chegada mostrando história parque vegetação principal animal vale pena justamente nativo
,vila comercio restrito variado banco farmácia supermercado existem venda lanchonete restaurante variam razoável ótimo trilha praia deserta atração praia
,ilha tranquila passar dia natureza agitação praia
,palavra descrever experiência conhecer ilha barco guaraqueçaba caminho vale pena ilha charme construção simples varia pousada acessíveis campings trilha km ilha chegar praia deserta experiência sensacional
,maravilhoso visitar parna superagui ímpar belíssimo fauna flora preservado aliado subsistência sustentável população
,vale pena visitar melhor hospedar ilha pousada barco levam ilha partindo quaraqueçaba preço salgado mar calmo água quentinha
,vá vontade caminhar ilha opção simples sossegado infraestrutura maravilha mãe natureza valem passeio
,superagui sossego andam junto atualmente necessário kilometro caminhada beira praia alcança lo população ilha aumentou desproporcionalmente investimento infraestrutura certa prejudicando condição sócio ambiental região pena acaba prejudicando imagem ilha início féria dia familia época filha optamo hospedar pousada ferry junto vila principal pescador pousada hospedamo ficava dentre mediana termo valor diária pousada construída madeira verão ficam extremamente aquecida amenizar dê preferência quarto maior ventilador detalhe deixou decepcionada vila pescador fez cavalo cachorro circulam praia bastasse pescador descartam resto peixe camarão beira praia causando odor terrível pescado decomposição problema enfrentamo hospedando vila som alto verão morador festa som acima permitido percorrem madrugada desrespeitando sono durante madrugada quente verão percalço ilha superagui excelente caminhada bike passeio barco camping foto roda fandango chegar ilha barco linha sai paranagua volta verificar horário dia site prefeitura paranaguá transfers marítimo saem guaraqueçaba dica importante levar dinheiro papel estabelecimento transporte trabalham cartão crédito débito espero voltar filha então caminharmo alcançarmo sossego supergui proporciona
,lindo praia gigante porem peguei dia frio vento apreciar beleza
,parque nacional superagui fica cidade guaraqueçaba litoral norte estado paraná principal economia pesca artesanal popularizou ilha utilização folha cataia envelhecimento aguardente cana bebida deliciosa famosa turista km praia localiza praia deserta cujo orla divisa estado paulo deixe conhecer
,temporada parque nacional superagui calmaria paz curtir extensão praia ficar tranquila
,praia linda vista incrível pessoa simpática tranquilo acessível comida caseira deliciosa
,privilegiado aspecto natureza localização potencialidade turística lazer descanso conta pousada oferecem conforto acolhe restaurante prato fruto mar parque nacional peca invasão edificação parque resíduo embalagem setor cais infra estrutura informação turista
,desligar sociedade entrar contato natureza ilha pescador infraestrutura limitada resume campings pousada simples porem aconchegante praia imensa linda avistar boto ilha peça recomendo passeio papagaio cara roxa
,barco guaraqueçaba superagui vale passeio lindo tranquilo contato natureza pessoal vila pescador
,lindo paradisíaco semana quase movimento nativo super solícito precisa chance acomodação simples acaso optar ficar pousada vale contato natureza tempo esconder mundo
,paisagem lindíssima povo hospitaleiro esqueça fandango dança tipica caiçara tomar cataia bebida tipica
,paradisíaco tranquilo habitante pescador oferece infraestrutura única incomodou cocô cachorro pousada areia fez cachorro cuidado andar maré subia levava mar eca
,pedação paraíso litoral paraná saindo guaraqueçaba pr utilizando voadeira transporte deslocamento ilha rápido passando bela paisagem mangue ilha vila pescador ilha apesar remota servida restaurante possui povo amável simpático poderá indicar facilidade início leve trilha leva praia deserta praia deserta livre qualquer intervenção humana direta propicia experiência única praia belíssima contato direto natureza perturbação retorno vila praia caminhada extensa faixa areia escolher restaurante ilha saborear prato peixe camarão fresco ótima opção passeio
,superagui gosta natureza sossego infraestrutura passeio barco guaraqueçaba ilha lindo tranquilo passando manguezal avistando vila chegar superagui preciso trilha chegar praia deserta vale pena trilha fácil recompensa quilômetro praia jus alta temporada extensão tamanha haverá cantinho
,sinônimo paraíso praia deserta ouvir barulho mar vento melhor terapia corpo alma
,ilha estrutura oferece pousada vária opção passeio raramente golfinho praia paradisíaco
,acesso á praia barco vale pena limpa quase deserta km praia fica parque
,alugamo lancha r pessoa guaraqueçaba visitarmo ilha superagui parque nacional couberam pessoa voadeira longo trajeto guia contando história marcante ilha peça superagui comunidade chegamo ilha superagui reservamo almoço restaurante crepúsculo comemo fruto mar céu aberto frente mar caminhada trilha passeio extensa linda praia
,ouvir falar conferir pretensiosamente tempo fechado barqueiro augusto guarde levou maneira interessada ilha peça superagui praia areia linda quilômetro praia deserta serem descoberta alugue bicicleta descer esqueça
,ilha fantástica sensação paz existe inigualável praia limpa limpa deserta possui pousada simples aconchegante hospedagem gosta sentar areia sossego apreciar mar
,barco guaraqueçaba leva torno minuto voadeira custo barco real leva pessoa trajeto apreciar manancial vila pescador ilha peça chegada vimo boto restaurante simples caro necessitam agendado chegada trilha praia mar aberto demora minuto ritmo criança tranquila ficamo praia torno choveu voltamo praia vila meia caminhada andando devagar almoçamo restaurante crepusculo simples comida apetitosa pedimo prato camarão molho suficiente casal criança bebida excedeu real ilha possui pousada local camping gosta comprar peixe diretamente pescador conta
,paraíso preservado visita lindo povo conservador famoso fandango forrozinho pinga cataia apreciada vale pena alugar bike conhecer ilha sol maravilhoso
,gosta natureza praia deserta sossego simplicidade lindo céu estrelado vale pena dia chuvoso
,praia deserta delicia ficar tranquilo sentir paz natureza transmite maravilhoso passear bicicleta paisagem
,bonito praia deserta km superagui divisa pr sp recomendadíssimo
,complexo superagui paraíso natural principalmente ilha peça encontra berço golfinho passeio barco curtir beleza natural golfinho
,ilha restaurante cobra pessoa r vale pena vc come prato servido peix milanesa pirão camarão camarão milane gigante vale pena pagar preço
,destino legal paisagem linda vazia voltaria passeio barco chegar bonito jacó preço salgado tripulação humorada pousada ficamo costa azul ailton excelente almoço ilha precisa reservar restaurante melhor ir avisar
,ilha superaguí paraíso paraná praticamente isolada muvuca ideal relaxar curtir natureza ficar vida pousada local ótima passeio região inclusive maravilhar revoada papagaio
,mpossível ir parque entrar água gelada começo dói haha aprecie moderação incrível sensação sair alma lavada maravilhoso vale pena cansaço trilha figueira encontre pegada onça
,conexão calmaria chegou pressa contemplação encanta recanto beleza natural reduto atrai maior atração ilha peça golfinho boto presente residência oficial gaivota mergulhoe abundante versão ilha esconderijo peça saqueada pirata referência tráfico escravo chamado peça podemo ficar degustação poderíamo passar conhecer restaurante iná i casquinha siri peixe camarão salada frita arroz soltinho bolinho camarão delicioso
,sul sudeste destino inexplorado inacreditável descoberto paraíso inexplorado lindo único simples casa pescador pousada praia deserta quilômetro quilômetro sensação conhecer encantamento pegar barco lancha cidade paranaguá chegar vila ilha superagui curtir comer pastel praia passa vendendo então alugar bike andar cansar voltar reta
,amei ilha papagaio cara roxa lindo espetáculo revoada nascer sol milhar casal familia separam resto vida morre fica viúvo junta casal viver sozinho voam par trio lindo sol ilha
,lindo relaxar curtir paisagem linda natureza comunidade oferecer paz simplicidade harmonia define maravilhoso
,reserva natural praia bonita limpa estado paraná acesso fácil vale pena
,reserva florestal acessada barco guaraqueçaba percurso barco bonito leva cerca minuto acesso vila pescador rústica possui restaurante barco interessante vale pena visitar visualizar boto praia
,verdadeiro refugio parque nacional superagui verdadeira maravilha litoral paranaense contato natureza vila pescador ambiente rustico maravilhoso
,sair rotina parque nacional superagui ilha superagui conhecida bela opção venha conhecer
,desligar agito cidade curtir natureza exuberante m lugar belo litoral paranaense
,super calmo parti guaraqueçaba barquinho vista louca passa mangue chega ilha caminho boto praia super calma preservado
,ilha superagui descansar partindo paranaguá barca durar meia mar agitado travessia acompanhado família golfinho incrível vila pescador casa simples tranquilo parque preservação ambiental praia preservada cheia peixe siris gaivota paraíso
,pegamo lancha guaraqueçaba superagui meia andando paisagem estupenda chegamo ilha infra estrutura precária natureza presente deixar boca aberta passear praia deserta experiência indiscretivel recomendadíssimo
,parque nacional superagui composto diversa ilha região pertencem município guaraqueçaba chegar ilha barco contrário guaraqueçaba chegar terra estrada ruim projeto conhecer diverso local lua mel incluímo superagui guaraqueçaba roteiro ilha superagüi simplesmente maravilhosa possui quilômetro areia local formam banco areia piscina nadar tranquilamente visualizar nascer sol mágico gostamo tranquilidade escolhemo passar janeiro invasão turista ocorre natal virada carnaval feriado prolongado época calor ilha composta morador pescador simples coração simpatia enorme
,reserva preservada vale pena visita comunidade barbado chegar preciso combinar carona barqueiro caso queria almoçar barbado necessário ligar antecedência combinar dona cesarina caso contrário existe chance perder interesse conhecer tradicional fandango bar akdov preciso visitar ilha feriado principal acesso barca sai paranaguá importante prestar atenção horário ótimo destino contato natureza aproveitar ritmo vida tranquila pescador
,parque nacional superagui visitação processo organização visitar ilha comunidade tradicional entorno ilha superagui paisagem maravilhosa km praia deserta restinga mangue conservado hospedar barra superagui cicloturismo caminhar trilha leva praia deserta sorte feriado data especial curtir fandango bar akdov comunidade visitada barbado barra ararapira porção norte paulo ilha peça hospedagem alimentação praia linda baía golfinho ir região ilha pinheiro observar revoada papagaio cara roxa espetáculo emocionante acesso principal embarcação saem paranaguá pr
,preservado vária pousada acesso barco via paranaguá hs min lancha
,trilha atravessa trecho restinga vila praia proporciona contato fantástico bioma possui paisagem incríveis retornar caminhando praia completa belo passeio termina restaurante vila deliciosa comida caseira
,excelente recepção trilha limpa quiosque banheiro polua natureza piscina natural protetor solar repelente deixe passar banho ah vc precisar
,vá novembro mutuca simplesmente insuportável bicho ataca pena apreciar maravilhoso
,caminhada trilha praia deserta ótima cuidado distância longa saia preparado
,parque preservado ótimo trilha vc opção barco paranagua estrada km estrada ruim vale pena passeio
,preciso sair comodismo encarar aventura barco regular paranaguá guaraqueçada portanto preciso contratar barco vale pena trajeto ilha ritmo vila pescador pousada come restaurante praia deserta luxo
,ir preparado natureza selvagem leva meia barca pega marina paranaguá cerca voadeira média real pessoa valeu centavo gasto encantador pessoa moram ilha acolhedora gostam conversar caso amiga então locomoção saiu caro caraiba aportam voltamo passeio recomendo titubear
,busca entrar contato natureza parque nacional superagui possui praia deserta linda trilha restinga atração
